gene,importance
ALKBH7,0.034510093877389104
HES6,0.02975824376335285
ALOX5AP,0.027201833084705623
SHTN1,0.026159109737265922
SIGLEC6,0.023957091817537718
PDLIM1,0.021745923657046022
SIRPG,0.019551511433291167
RAMP1,0.018288290259337456
SLC25A11,0.018232763292645615
SINHCAF,0.018077030963171495
SLC15A4,0.017922541736728116
SKAP2,0.01702483753835781
SLC38A1,0.016922644579617285
SHQ1,0.015403670107760814
PLCG2,0.015154650413616827
SLBP,0.014544447419834256
SIVA1,0.014390811365508422
RPL31,0.013811656931703718
IGLL1,0.013754767913070707
SLC25A5,0.0133256250903036
SLC38A2,0.01307409653243669
SLC3A2,0.012718220587101635
PLVAP,0.011373329824558059
SKP1,0.01084976153769578
SERHL2,0.010353436610075036
SERPINB2,0.00952290750424155
HMSD,0.009483220368869023
SLC25A6,0.009367661026047556
SLC25A3,0.009276967035238283
PTPRE,0.007941348823586483
EEF1B2,0.00791053300066358
DYNLL1,0.007751962053905745
SERPINF1,0.007620185038801468
EIF5A,0.007591293117017527
SCN3A,0.0071223939465370825
IGFBP7,0.006830065178419832
DRAP1,0.006495845181745345
EEF2,0.0061629510141175655
PTBP3,0.005878574436595633
SCT,0.0058692793378010465
EIF3K,0.005669486958180986
HLA-DQA2,0.005588234749520408
PLP2,0.005214769493898658
CHCHD7,0.0051517245588321445
COX7A2,0.005114139171673058
CDC40,0.005066698494304267
ELF1,0.004882730314048084
CKS2,0.004671426129327405
S100A4,0.004614243629268156
LAMP5,0.0044509585790300475
GZMB,0.004373833890210904
PSAP,0.004341708459060614
EIF1,0.004282619663421274
EIF4B,0.004201450539616241
SELL,0.0041758369854371724
EID1,0.004172790272289567
DNAJC7,0.004067900660020785
ARPP21,0.003949379799084873
EIF3M,0.003911496569399604
LILRA4,0.003890931177577174
DPYSL2,0.0038419223089372423
BID,0.0037929475957033526
EIF4EBP1,0.0037049582106812667
DDOST,0.0036634752244062954
EBNA1BP2,0.003633461737815126
EIF4A1,0.003586739470506586
RPS6,0.003564808999880582
DNAJC1,0.003522232391377799
CLEC11A,0.0034623224994516813
ASXL1,0.0034033810069774278
BST2,0.003358112144747237
DNTT,0.003316600185698695
C12orf75,0.0032729040498873526
CCDC167,0.003237484479461571
CALCOCO2,0.0031569640686484987
DSTN,0.00315360492232178
EIF4G1,0.0031086009940213006
DUSP1,0.0030857213597478648
EIF2AK2,0.003082428756276834
EIF4G2,0.0030147623425203942
EEF1A1,0.0030120297547084457
EIF3A,0.002973925846460236
DYNLRB1,0.002919334362230419
DCTPP1,0.0029164846264323396
EIF5,0.002903767186382897
DNPH1,0.0028918769500226624
CCDC189,0.002885812911701658
CLK1,0.0028265929485547106
CYCS,0.002786546034849063
CLNS1A,0.0027656844689833886
EIF2A,0.0026066369390083683
EAF2,0.0025572401793741745
CHCHD2,0.002556908224764078
ATP6V0B,0.0024276690486290512
EBPL,0.002398365259143861
EIF2S1,0.002375522864947998
GSTP1,0.0023647171462730003
EIF3F,0.002361068709704149
RPL38,0.0023442056181584765
DNTTIP2,0.002313720838681838
RPL35,0.0022668287690196746
RPL15,0.0022650246472439364
CSNK2B,0.0022575750456245883
ECH1,0.0022477222551612113
RPS27,0.002242118856436285
COX5A,0.002239478480478251
COX6C,0.002231820795428351
CWC15,0.0022179679856355267
ANKRD12,0.0021895718972002372
EEF1E1,0.002152144409106641
EIF4H,0.0021430795531227243
EIF3G,0.0021346257865298653
BAX,0.0021270044002585672
EIF2S3,0.0020771631953715826
MT1E,0.002068204786992
ELAVL1,0.002008378213704306
EIF3H,0.001986988302857795
CKS1B,0.0019842693232383288
RPL10,0.0019500484867908112
CLIC1,0.0019307097868264504
EIF3J,0.0018839160917534124
PRDX2,0.0018791392726116196
COX6B1,0.0018401530509047402
EIF3B,0.0018138743903275093
EIF3L,0.0017814420220106872
EDF1,0.001756746911547927
EIF1AY,0.0017035982938262918
EEF1D,0.0016936482895207505
EFHD2,0.001677312319753304
DUT,0.0016363120495072761
CIB1,0.0015745181067803467
EIF6,0.001566109149535657
COX17,0.0015595892238459365
DYNC1H1,0.0015510619937654196
CD81,0.0015363715680731232
CEP70,0.0015299290902593514
EIF3I,0.001455410453572925
DDAH2,0.001452680968771465
ATP5MC1,0.0014363170261421994
BRIX1,0.001426974931472761
ATP5F1E,0.0014198833156115647
ANAPC16,0.001414897227319
RPL37,0.0014044334513335448
CBX3,0.0013887356298176523
EIF4A2,0.0013790976352260579
SAMHD1,0.001364025062256462
EIF4A3,0.0013242531393050298
ATP5F1C,0.0013029789641126586
ATP5MD,0.0012959484584315576
CIAO2B,0.001281488497441822
BZW2,0.0012517512492903923
DOCK2,0.0012424781145397032
BCL11A,0.0012383968266522426
ANXA1,0.001233192223855567
IRF7,0.0012221682762876115
BCL7A,0.0012171492877500493
DENR,0.001206018596222555
ATP5PF,0.0012007719604942063
DBI,0.0012003683625801359
DTYMK,0.0011738244341571178
DNAJC21,0.0011731812968499473
ATP5MPL,0.0011720960009084555
EIF5B,0.0011708439367156928
RNASET2,0.0011679831230602422
DPP7,0.0011559629076605615
ARPC2,0.0011474551167527452
CMSS1,0.0011402762956303047
BANF1,0.0011352890863815062
ATP5MC3,0.0011275536561254809
CDKN2D,0.0011238158039221582
COX8A,0.0011211748804838852
CFAP97,0.0011120153437218238
GPR183,0.001109591084991575
CCT6A,0.0011082123284951344
ATP5IF1,0.0011061193688248637
CAST,0.0011059032142808657
ATIC,0.001101519911097828
COPE,0.0010972651608432975
COX7C,0.001060183922373405
CAPZA1,0.0010526744205890599
SSR2,0.00105003775851238
AUP1,0.001043414462577613
RPL7A,0.0010335377552390973
ARL6IP4,0.001008988168819772
SEC61G,0.0009956879889403815
MARCKSL1,0.000986735523768186
APRT,0.0009825689064946953
EIF2S2,0.0009637762891506324
STXBP2,0.0009428134170932047
GXYLT2,0.0009357262788071483
DNMT1,0.0009251337106453147
DKC1,0.0009124127990970957
RAN,0.0009016296440294994
EIF1AX,0.0009015135084139269
SNX20,0.0008936560148097752
DAD1,0.0008923634918619476
CSF2RB,0.0008855785435326205
COX5B,0.0008710985065697238
COPS3,0.0008666557092936085
EIF3E,0.0008657960401482044
C12orf57,0.000844370998273612
CCT7,0.0008386655653016421
ECHS1,0.0008355056535799259
SRP14,0.0008322815466487259
RRBP1,0.0008298226182744439
BRI3,0.0008068906413701595
ECHDC1,0.0008042904687891354
RPL37A,0.000800805971868689
ERC2,0.0007988074035437779
SNRPF,0.0007927588284293146
C1orf35,0.0007812352872000919
SMDT1,0.0007662684639093328
ARHGAP30,0.0007608675835303478
LAT2,0.0007458363062228758
BAHCC1,0.0007389979105919343
DERL3,0.0007271539502381965
ARPC3,0.000719427493574722
FABP5,0.0007137216307694592
NUCB2,0.0007095385616044832
CUTA,0.000703316323212948
CSK,0.000702862747002614
RPL41,0.000690479333948437
RRP7A,0.0006897449578889816
SMIM14,0.0006867078134742662
ATP5MG,0.0006751902713167078
CIB2,0.0006736263419371104
PTGDS,0.0006521660339789793
RPS27A,0.0006518033448766922
DBNL,0.0006439713209242121
RPL14,0.0006437661211370113
ATRX,0.0006433323805203142
DNAJC19,0.0006334695593142195
HLA-DRB5,0.000625037128929305
SNRPD1,0.0006242319910160433
SNRPE,0.0006234137592864726
AP1S2,0.0006125006755854594
KDM5B,0.000610461908890239
ATP5ME,0.0006088754720640486
C1QBP,0.0006085160136291203
ANP32A,0.0005946430272965828
DENND1B,0.0005917513621377556
CFDP1,0.0005844425147112422
ACTG1,0.0005832786075468597
CDK4,0.0005819062224449486
RNASE6,0.0005762638924911946
SRP9,0.0005728821676112125
DDX21,0.0005723998244163808
CPT1A,0.0005622247528641258
SSR1,0.0005578754893642231
CCT8,0.0005521061114441606
CAPZB,0.000551235734348148
STUB1,0.0005356969668130306
SSBP1,0.0005334337044209527
JAML,0.0005153859954286779
S100A9,0.0005021266877211596
SON,0.00047474005557072047
CDK1,0.00046752357682885065
ATP5F1B,0.0004619566303337389
SUSD1,0.0004563593791973389
ANKRD11,0.00045419681853478165
ATP1B3,0.00044074257062802507
RPL36,0.00043782127016227755
DNAJC9,0.0004353388641582307
CISD2,0.0004249230191883316
SOX4,0.0003989586776800169
SSR4,0.0003913916311922034
DCXR,0.00039108324731486956
CALR,0.00038748145193426796
CUL3,0.00038298109870934155
RPS3,0.0003824026561322359
SRI,0.00036460189144662636
HLA-DQA1,0.00036350292650487226
TALDO1,0.00034885534433785453
C1orf131,0.0003471436003119489
ARHGAP15,0.0003427029104928293
STMN1,0.000341390781035749
SPINT2,0.00033656432239923
DDHD1,0.00033365479532718114
DNAJC8,0.00032892268741476903
SRM,0.0003285934938338481
DGKZ,0.0003284394174339436
ARFGAP3,0.0003245021918250313
CD320,0.0003232606765682921
ARHGEF6,0.0003195821062074188
CSF1R,0.0003160887615260169
FOS,0.00031555967749530186
CCND3,0.0003127524510007577
ARID4B,0.00030976881657676284
COMMD6,0.000309718534370057
SNX3,0.00030923670905666706
COMMD8,0.0003073385711471801
ATP6V0D1,0.0003071755575774082
STAG1,0.00030429044868775554
IL1R2,0.0003032317857222877
SRSF9,0.0003007656761253024
SMG1,0.0002963044516649003
CACYBP,0.00029584510277445104
CDC5L,0.0002957486919558412
CD47,0.00029542536497703426
C1orf43,0.0002904543661214453
ROCK1,0.000289699401939895
CCNI,0.000289527682708363
ARHGDIB,0.0002883318111581136
SREK1,0.0002881395537996013
SNRPG,0.00028766104244880563
SSB,0.00028577266402094684
ATP5PO,0.00028264142165868896
TARDBP,0.0002775926900308633
RPS5,0.00027732552629493534
RNF175,0.0002743234338591058
ATP6V1F,0.00027241822355606284
CENPW,0.00026973986250803826
RPS20,0.00026696527708313533
CIAO2A,0.00025803752359852085
SMARCB1,0.00025770614521413885
CCDC85B,0.00025506599018088483
ATP5PD,0.00025358732330161426
CCNDBP1,0.0002512718739749464
ATP6V0E1,0.0002501278915376271
RPS29,0.0002500852635921017
SNAP29,0.0002413983697951436
SNRNP48,0.00023841980989895836
CLTB,0.000235995692127577
SMC3,0.00023392870891318656
BTF3,0.00022845703742817023
BCLAF1,0.00022513990642975508
BASP1,0.00022039330223310458
DDX42,0.00021919026913210443
AZIN1,0.00021892751028240642
IDH2,0.00021456507820541773
CYLD,0.00021398798723171503
ANXA2,0.00020617842040162137
SUDS3,0.00020361067587520258
IRF8,0.00019999945988157452
CYB561A3,0.00019821852701538712
SNRPA1,0.00019284973205593698
FHIT,0.0001883945229633242
TBCA,0.00018645968991059988
APEX1,0.00018257386482521134
SNRPB2,0.00017711893311348444
BLOC1S1,0.00017257334144136818
CAT,0.00017175181333039947
BTK,0.0001699616055009578
ATRAID,0.0001688753091300015
ATOX1,0.0001642909368534815
STIM2,0.00016409551562330987
ANAPC15,0.00016170102104710776
CNDP2,0.00016013534408389243
DDX24,0.00015513208592658542
JMJD1C,0.0001525007183714896
SRPRA,0.0001515359562718391
BRWD1,0.00015135947057430088
CALM2,0.00015028911305098674
ANP32E,0.00015012709522170209
ATR,0.00014997394877023536
ANKHD1,0.00014936701977152317
ATP6AP2,0.0001467095439515971
TBCB,0.00014648076629545357
GTF3A,0.0001462623293645376
FNBP1,0.00014571637562463513
CCDC12,0.0001430040778183712
ATXN7L3B,0.00014282278436510132
TAOK1,0.00014181748242355854
SLTM,0.00014115135375233494
ATXN2L,0.00014090674149854843
CAB39,0.00013753148014774403
BRK1,0.00013737905290998626
SCN9A,0.00013585231052028776
RPSA,0.0001337669418993383
FKBP1A,0.00013056496854402006
RPL12,0.00012994148876352017
SNRPN,0.000129394476697855
EIF3D,0.00012823849590759857
CDK2AP2,0.0001212948647160585
CALM1,0.00012041303426703435
SMIM7,0.0001203857755543439
DHRS7,0.0001197653408517371
CDC42SE2,0.00011880917352301995
MIF,0.00011708946594213275
ISG20,0.00011506184902058516
MEF2C,0.00011505028828738319
CCAR1,0.00011344617911882959
CIRBP,0.00011242579437351687
SNU13,0.00011200358749563025
SYS1,0.00011184866502135282
TAP1,0.00010998431903560091
CWF19L2,0.00010821659216227812
SPART,0.00010808556703110437
SYNRG,0.00010690087099508145
AKAP9,0.00010377927185473847
CCDC88A,0.00010307709899604917
DHFR,9.662587305848386e-05
PLEK,9.410245039833415e-05
STMP1,9.407905927770417e-05
RCAN1,9.368860900047542e-05
CLEC4C,9.315925725879743e-05
ELOB,9.047831816380239e-05
MYBPH,8.960699326546285e-05
TAGLN2,8.926807607797417e-05
SPCS3,8.888851260073159e-05
ANKIB1,8.665381726486714e-05
STRAP,8.608429318390612e-05
PPP1R14B,8.204348472488363e-05
RPLP1,8.058446390487446e-05
BCL2,8.055991587037964e-05
ABRACL,7.92443199557542e-05
DAZAP2,7.764336380378307e-05
CCDC69,7.762123402554373e-05
CARHSP1,7.746336449406445e-05
JPT1,7.74118134083653e-05
BPGM,7.553319496120493e-05
MRPL36,7.539326526506014e-05
STX7,7.50253618664376e-05
RHOA,7.491524218575615e-05
NCAM1,7.37965505624024e-05
ARF6,7.29934300600373e-05
CAPN2,7.268678942819102e-05
DCK,7.194634842308574e-05
CUEDC1,7.192735031781475e-05
DNAJC3,7.13201256640316e-05
DCUN1D5,6.852017699546943e-05
CENPU,6.838209178590801e-05
ARF3,6.82848341315631e-05
SSR3,6.799459227660913e-05
CCDC112,6.692788232038493e-05
ARF4,6.692639230829645e-05
CELF1,6.61989677658621e-05
DGCR6L,6.580420841208382e-05
CLIP1,6.451135086796373e-05
CLN8,6.446126538326581e-05
PHB,6.314910451625617e-05
CLCN3,6.289342866311035e-05
JCHAIN,6.27941552060542e-05
COPS6,6.270471955833018e-05
SPCS1,6.177101386706066e-05
CLINT1,6.175308477127473e-05
C8orf33,6.143510479751036e-05
SEC61B,6.134248252259131e-05
CYBB,5.9756680340494724e-05
CHORDC1,5.9667343906784144e-05
PSMA5,5.9466070907947946e-05
ANAPC5,5.933962400359734e-05
ARCN1,5.929138258022838e-05
CCDC59,5.911446609072929e-05
PRDX1,5.862542585592837e-05
S100A13,5.7552503120801084e-05
BICD2,5.5464930460279174e-05
PRDX4,5.535549094394125e-05
CYFIP2,5.4918587209345254e-05
APH1A,5.412860093979301e-05
CLIC3,5.382198579239033e-05
PSMD7,5.309554352933797e-05
STAG2,5.306019145755554e-05
SRSF10,5.285424514633443e-05
CTDNEP1,5.2752003801489985e-05
CDYL,5.23260672442788e-05
CD84,5.212582554877944e-05
HSPE1,5.182823456287268e-05
PNRC1,5.0842765585224155e-05
SYPL1,4.919572846894447e-05
IFITM2,4.8455395841181694e-05
SNF8,4.833700261204008e-05
CAP1,4.832158905340155e-05
COA4,4.704239054492432e-05
CFL1,4.693828557166904e-05
NDUFV2,4.590352399607952e-05
SEC61A1,4.566890436820857e-05
TAF11,4.562489815870946e-05
HSP90AA1,4.5310317295863376e-05
RPS14,4.443970308912879e-05
RPL5,4.418919131780641e-05
MT1X,4.385297607998396e-05
RPS11,4.323849344436313e-05
RPS24,4.29026496012935e-05
RPL26,4.2821941743031304e-05
SRSF3,4.228619883634231e-05
RPL18A,4.221851279819866e-05
CFLAR,4.1929181280578545e-05
RPL35A,4.054570451638381e-05
NDUFAB1,4.007705405795264e-05
RPS15,3.989163291617301e-05
CEP55,3.9329195942774344e-05
DARS1,3.92736502532497e-05
SMG7,3.92058601821861e-05
ARPC1B,3.894251956064424e-05
FYB1,3.830792927394645e-05
SP110,3.8219501558141036e-05
MAPKAPK2,3.776767003856298e-05
SPAG7,3.7455031848507894e-05
MBNL1,3.7418096317714336e-05
DNAJC10,3.7252646428578745e-05
CENPK,3.624085691368885e-05
STT3A,3.6203727227892935e-05
CHD1,3.6009285756134006e-05
LRMP,3.576493705480432e-05
RPS4X,3.567703079835948e-05
MS4A4A,3.5427988383906876e-05
SH3KBP1,3.498390358874301e-05
ACP1,3.3545682602036715e-05
RPS3A,3.350077476526678e-05
AP3S1,3.337607697761677e-05
POMP,3.3152403983681763e-05
BRD3,3.304711842205321e-05
LSM3,3.296175403235957e-05
CHCHD10,3.2824318352069196e-05
ATXN10,3.269565430750152e-05
STK38,3.2592716151984756e-05
SNX2,3.238389342260024e-05
MED13L,3.186703445016162e-05
RPL23,3.153044563076056e-05
RPS28,3.151969970897407e-05
GLRX3,3.139954264281141e-05
MAN1A1,3.113243549799013e-05
PTGES3,3.082871632186676e-05
LCP1,3.0645690062759656e-05
H4C3,3.061241871296968e-05
DEK,3.0342219395963614e-05
ATG3,2.9412386328634084e-05
JAK1,2.918926467033204e-05
CCT3,2.9185730473975246e-05
CHML,2.8196926725768236e-05
DIDO1,2.762992283753509e-05
NBDY,2.697558830375454e-05
MCM3,2.6958059634661794e-05
ARF1,2.6738041261721223e-05
SPN,2.6631203517184658e-05
H2AZ1,2.662612668398573e-05
CD68,2.65222937085299e-05
ISG15,2.618479946920851e-05
ATP6V1D,2.5394131305542514e-05
H1-4,2.5269784319020285e-05
HSP90B1,2.4814106348110236e-05
TAF1D,2.4603276801333083e-05
CCDC186,2.4310395915333357e-05
HDDC2,2.4227832906380856e-05
SENP6,2.4084556278117362e-05
MRPL42,2.379462899549052e-05
GNG7,2.3743548392303823e-05
NDUFA6,2.354009428674883e-05
BBX,2.3381464021531802e-05
DDB1,2.3347593624903257e-05
CDK12,2.3197307803646674e-05
RALBP1,2.3092170288670004e-05
SYK,2.2814204558314283e-05
LAIR1,2.2675673477676038e-05
SET,2.25366017760321e-05
PABPC1,2.2416253317409414e-05
CD2AP,2.238016941755824e-05
SMAD3,2.2210626767505723e-05
REXO2,2.1902973419657926e-05
RPS16,2.187193421807729e-05
MZB1,2.164427531136635e-05
RPL36AL,2.1599623518879185e-05
PFDN2,2.1574460871037114e-05
PSME2,2.1517897907811798e-05
NCBP2,2.1017787448288276e-05
CUX1,2.083324248236567e-05
RPL39,2.0777050517862257e-05
CD4,2.050243114726054e-05
PSMB1,2.0497692843168746e-05
CBFA2T3,2.0451108386230385e-05
CPNE3,2.040290375060354e-05
ARGLU1,2.0364422651284227e-05
RPS25,1.9964580009464076e-05
CENPX,1.9898011567815467e-05
ARMC1,1.9119417279524825e-05
SMARCD1,1.9026300875307877e-05
HYI,1.8809563663819808e-05
STAT6,1.8605647079177298e-05
BUB3,1.8526011603911983e-05
COMT,1.8298638270211505e-05
OSTC,1.8238497310472165e-05
LSM8,1.813378092117808e-05
CHD3,1.8113196092220357e-05
HLA-DMB,1.7819745599684532e-05
LMNB1,1.7735211228120504e-05
SF1,1.7688668042305286e-05
GAPDH,1.7635171271922425e-05
COX7B,1.7483619756831133e-05
CHAF1A,1.741903474459273e-05
GLUL,1.6809250188400776e-05
RPL32,1.6766721866558003e-05
H3-3A,1.675534456303608e-05
CYP20A1,1.6435890830768938e-05
RUNX2,1.6420081389814226e-05
PSMD11,1.6336489664504213e-05
OST4,1.62810434826259e-05
PRMT1,1.6125869041275864e-05
POLR2H,1.6074911961526917e-05
CAPRIN1,1.5832052913338276e-05
GNL3,1.582902891473465e-05
SEC62,1.5816825424638195e-05
MED10,1.5704618802780024e-05
CDCA7L,1.5599405061110983e-05
ERH,1.555694675622363e-05
FDX1,1.552579823770146e-05
NDUFS6,1.5345184447862402e-05
CBX6,1.5298089895448675e-05
SRP54,1.5178258518270633e-05
POLR2F,1.5146410422293072e-05
DHX29,1.5141428055065998e-05
RPS6KA4,1.511365641488093e-05
IER2,1.5087374984101461e-05
ARHGAP17,1.502050413704883e-05
CHMP5,1.4997128934637859e-05
RBM39,1.4942994583381402e-05
GCSH,1.490938756491782e-05
NDUFB4,1.4887527560078405e-05
RPL19,1.4717322295153136e-05
NPM1,1.4712520461780594e-05
SEPTIN6,1.4620835799995153e-05
COPB1,1.4514855840441412e-05
FCER1A,1.4500917542319565e-05
IGKC,1.4494310386989137e-05
PRKCB,1.4422775834203278e-05
AHNAK,1.4417880983810506e-05
SRGN,1.4330463104538162e-05
LSP1,1.430187270751241e-05
COX6A1,1.4292205522638521e-05
HLA-DRB1,1.4158119334701914e-05
DDX3Y,1.4158099759186654e-05
MXD4,1.3988722680217693e-05
FTL,1.3981067642528432e-05
GPATCH11,1.3848115980123871e-05
MRPL34,1.3746192168067927e-05
GSN,1.3719666220612349e-05
MRPS23,1.3671376900083273e-05
DDX6,1.356614982665422e-05
MAGOHB,1.3539225443034443e-05
LNPEP,1.3438517054514371e-05
RPS23,1.324785023441884e-05
RPS2,1.3217668935912578e-05
B2M,1.3025909798045449e-05
HLA-DPB1,1.2884975426183404e-05
REX1BD,1.2760423443773904e-05
CDC16,1.2738825591586329e-05
POLR2K,1.271790289885389e-05
RPS9,1.2716055715837771e-05
SERBP1,1.2577640497321825e-05
MZT2B,1.2546745350160643e-05
CST3,1.2544479965070982e-05
SDHAF3,1.2506797944730592e-05
GADD45GIP1,1.2414760925615352e-05
MYL6B,1.2397754573262542e-05
SCPEP1,1.2380533999455792e-05
BCAP31,1.235228397622783e-05
ATF4,1.234479278324745e-05
HLA-DQB1,1.23444074212015e-05
CD74,1.2286008900469356e-05
TBC1D1,1.2266697982172767e-05
CNPY3,1.2259272976525774e-05
SNRPB,1.217759938674338e-05
GNLY,1.2143598434963566e-05
CCDC50,1.204814042441208e-05
CREB3L2,1.2034968479366311e-05
CSGALNACT2,1.1995197237180188e-05
PYCARD,1.198509006404779e-05
CD55,1.1967616355947003e-05
MX1,1.1944638778234803e-05
TAF15,1.1796998251822797e-05
ARMCX3,1.179445705221764e-05
HERPUD1,1.163962164991697e-05
SUMO1,1.161021624477068e-05
COPZ1,1.1510704044956786e-05
NSA2,1.1473238953750477e-05
PARK7,1.1399108586105358e-05
CCDC14,1.1291646577916974e-05
CDC27,1.129011511223603e-05
ARID2,1.1254030968766113e-05
IGBP1,1.1192516940911188e-05
PPM1K,1.1058951065047939e-05
RPL22,1.105811167084981e-05
GRN,1.1056894392676401e-05
SPIB,1.1043358756963997e-05
NDUFA11,1.0989640954604858e-05
PCM1,1.096513521855486e-05
LUC7L3,1.0907108102099957e-05
PSMD13,1.0845862585873487e-05
HNRNPA0,1.0829039254101169e-05
MYDGF,1.068579529515488e-05
MIA3,1.0664019010802167e-05
NACA,1.064283108990614e-05
CTSC,1.0519110671448223e-05
GLIPR1,1.0468653543514698e-05
H1-10,1.0445882931210936e-05
SEC63,1.0362509527602194e-05
EAPP,1.0293882407384874e-05
MACF1,1.0290961258607931e-05
HNRNPUL1,1.0263034332762497e-05
RPL9,1.0247572529711866e-05
RSL1D1,1.020064665348938e-05
TCF4,1.0186383989047497e-05
ORC6,1.017614253208594e-05
SPOP,1.0151526742974713e-05
BUD23,1.0137368653266442e-05
SAT1,1.0099163009637348e-05
ERGIC1,1.0085263867321282e-05
RAC2,9.940374840431965e-06
PGAM1,9.93334752941831e-06
ANP32B,9.929585736308016e-06
POLR2A,9.92408642484674e-06
PPP2R5C,9.8913691433815e-06
PSMD8,9.84310639553573e-06
STAT2,9.817104076376555e-06
CTSD,9.806583165569527e-06
RPL36A,9.78724681698788e-06
NDUFAF8,9.765328772407304e-06
BAZ2A,9.730871133133577e-06
DICER1,9.635825154095692e-06
MZT1,9.514586951801746e-06
HIKESHI,9.501366913354869e-06
MYH9,9.471517771278443e-06
CNOT1,9.46451746552503e-06
CPSF2,9.447612064863852e-06
ACTR2,9.443077856773236e-06
BLOC1S6,9.346342812097069e-06
ARL6IP5,9.228349386331599e-06
RPLP2,9.181993360751697e-06
MACROH2A1,9.066896035332689e-06
RPL13A,8.851135428112317e-06
DIAPH1,8.765853337503673e-06
S100A8,8.741635364365027e-06
H2AC20,8.722380555779084e-06
RPS27L,8.579100348029611e-06
CBX1,8.439633935993612e-06
POLE4,8.347181536466257e-06
RNF213,8.238238878357302e-06
CCR2,8.237304943222113e-06
NME1,8.22431818678124e-06
GTSF1,8.22107350805501e-06
BPTF,8.176237933780747e-06
RPL3,8.163248269059434e-06
PLEKHO1,8.162023081414353e-06
SND1,8.158843185013276e-06
PSMA1,8.154247572138619e-06
SELENOF,8.133867105888583e-06
PRPF4B,8.12715593475566e-06
POLR2L,8.126509368923403e-06
PNISR,8.087125321039157e-06
SLFN11,8.039620849207072e-06
CHD1L,8.014907045347236e-06
PPP1CC,8.005914982928971e-06
RPL29,7.997067805554123e-06
DIPK2A,7.982112306004444e-06
MAP2K3,7.912239716609405e-06
DECR1,7.789734188958638e-06
PTMS,7.784572538670898e-06
NFATC2IP,7.724683388590799e-06
OAZ1,7.676675524386141e-06
SERP1,7.616995588082557e-06
PSMA7,7.566840388771894e-06
PLD4,7.566219203419603e-06
CD99,7.469838474360386e-06
CD52,7.4659004955364875e-06
PFDN4,7.4614392525406865e-06
H3-3B,7.349323230858056e-06
CCDC18,7.313428719409309e-06
MCM7,7.291430675902102e-06
KLF10,7.2856737717075675e-06
HMGN3,7.2846650611648285e-06
LAPTM5,7.1316477066864665e-06
RPS18,7.097343886567367e-06
DNAJC2,7.09569893732938e-06
HELLS,7.078325933001299e-06
SRP19,6.987569782302445e-06
PRXL2A,6.986461784419863e-06
BTG1,6.985857227403123e-06
CNPY2,6.9349919059384865e-06
OFD1,6.882650363112616e-06
MRPL51,6.861521432313032e-06
PCNP,6.6148271243724365e-06
FAU,6.6013483694133455e-06
SELENOS,6.567030874554988e-06
POLR2I,6.566995521698552e-06
SCAF11,6.555966888957231e-06
MLEC,6.543287135378988e-06
LDLRAD4,6.518182747690946e-06
ACAP1,6.473925928880846e-06
RPL13,6.471251851010463e-06
MICOS10,6.422109553633561e-06
METTL5,6.416057595763443e-06
HEBP2,6.4056657899535065e-06
RAD23A,6.327041185443226e-06
LIMD2,6.3229000063174445e-06
SMIM26,6.1833028885606435e-06
MRPS34,6.1767095506020115e-06
SEPTIN7,6.169313014794898e-06
HSPD1,6.1600387943000074e-06
NDUFS3,6.156545776510333e-06
RBBP6,6.135565131359703e-06
FCGRT,6.128010971180664e-06
SEC11A,6.119050867437608e-06
NOSIP,6.1062404645702526e-06
MCTS1,6.102139634111056e-06
NDUFA13,6.100411633525033e-06
HLA-A,6.087603762425045e-06
FUS,6.07988323121684e-06
MCUB,6.072373063528289e-06
NOP58,6.06620678294118e-06
NDUFA1,6.057333587285011e-06
SOD1,6.054454733770348e-06
RPL27A,6.054085847196595e-06
RPL27,6.047758979330785e-06
MPG,6.03729599340704e-06
OLA1,6.034135207099466e-06
SMIM30,6.023056505380528e-06
RPLP0,6.002507525882599e-06
SOS2,5.994574295485523e-06
FAM49B,5.994527572978905e-06
PRRC2C,5.989433822851687e-06
DCAF5,5.9882342496276435e-06
RIPOR2,5.986818453886627e-06
RCSD1,5.9846723660368235e-06
KLF6,5.968202231516363e-06
NDUFB10,5.962912746389589e-06
GALNT7,5.961032555731248e-06
CCNL2,5.950093196639103e-06
RGS2,5.927277121979792e-06
HLA-DRA,5.914055275872042e-06
HCST,5.91051060888371e-06
HLA-B,5.8972228621910984e-06
SH3BGRL3,5.88480442999112e-06
KDM5A,5.864614917996706e-06
HMGB1,5.854307469844058e-06
NAP1L4,5.854277759771525e-06
CUL5,5.853933784514998e-06
CAND1,5.8129505096960205e-06
RANBP1,5.806233250109712e-06
ACTN4,5.792929383794945e-06
NRDC,5.772137464175588e-06
JUND,5.766456908110473e-06
RPS12,5.717522894207376e-06
P4HB,5.716523274258167e-06
SPAG9,5.71565266972952e-06
PTPN2,5.706640612257903e-06
CCR5,5.700565025329473e-06
LHFPL2,5.697956299402006e-06
LAMTOR2,5.668809846626529e-06
NREP,5.63988208220976e-06
ANLN,5.63748895246336e-06
HMMR,5.63444652901522e-06
NIBAN3,5.633004378218334e-06
NDUFA3,5.628849439500312e-06
CTSB,5.6138466226489275e-06
NDUFC2,5.607165447517099e-06
ENO1,5.602533266467694e-06
PHACTR1,5.5937000181689214e-06
HAX1,5.591999035472891e-06
ARID3A,5.552647200695106e-06
C9orf16,5.542182624006925e-06
GNG5,5.508890120666865e-06
IRF1,5.492859258974015e-06
IL3RA,5.449242854506808e-06
CD37,5.3970147616154345e-06
NR3C1,5.374877192517828e-06
JTB,5.368015492911812e-06
ANKRD17,5.3436770950600205e-06
NKTR,5.316687057355307e-06
HNRNPM,5.2957326755277405e-06
C9orf78,5.29573184465274e-06
HNRNPDL,5.2643852535802825e-06
SFT2D2,5.252260770443848e-06
LRRC58,5.246000259696681e-06
NCOR1,5.234218974511038e-06
CYTH1,5.2287882849841135e-06
RPL34,5.194146221934606e-06
ETFA,5.16914882429255e-06
CMPK1,5.098594641268367e-06
MAP2K2,5.0331038685817975e-06
CEP120,4.9545220319484225e-06
SNRPC,4.953624998169495e-06
COPA,4.9278958189359305e-06
GNAS,4.8921265639192485e-06
RPS21,4.8660938313448034e-06
ADA,4.786196361877194e-06
PSMC3,4.6450759318913944e-06
PSMA4,4.6439677941552355e-06
PDE7A,4.615743696991502e-06
MYADM,4.546778987403832e-06
TCERG1,4.534298347487095e-06
HNRNPD,4.514952514160493e-06
HMGN1,4.510002563305668e-06
CCNG1,4.505061111005779e-06
SDHD,4.498111902752315e-06
MRPL57,4.464046411443293e-06
NAP1L1,4.4227635395826284e-06
CUL4B,4.41279800108342e-06
PSMC5,4.334739263803681e-06
GPBP1,4.334383789673011e-06
CCNG2,4.283988998390027e-06
PPDPF,4.282948177958626e-06
SEC11C,4.2757795932405775e-06
S100A11,4.245624606763657e-06
SF3B2,4.212304173741259e-06
FAM89B,4.147085606933258e-06
ACTB,4.1300958894037885e-06
IDH3A,4.12876835995702e-06
CD14,4.128284634361632e-06
CENPF,4.1280373184797825e-06
CNOT2,4.123621326439181e-06
SRRM2,4.123256248248528e-06
LAMTOR5,4.109636312490672e-06
G3BP1,4.104431654850261e-06
ADI1,4.101523241585446e-06
RAB2A,4.096857165730784e-06
PMF1,4.0930937316429e-06
SSU72,4.092970004799197e-06
MRPS7,4.078138614041311e-06
RAC1,4.074140063100626e-06
PEBP1,4.073507220821123e-06
NPC2,4.072016659838671e-06
RBM8A,4.0716939816467075e-06
SF3B5,4.071550654389617e-06
SARAF,4.057366600450944e-06
ITM2C,4.05608096865882e-06
POU2F2,4.052419244568126e-06
SF3B1,4.047846407902709e-06
SLC9A3R1,4.0404142857871066e-06
PAPSS1,4.039105999657598e-06
GHITM,4.038980517988014e-06
NCKAP1L,4.032274940158527e-06
NUB1,4.02651095066729e-06
HLA-E,4.026320196292644e-06
CHD2,4.0208857237467585e-06
NDUFS5,4.020850327107785e-06
HNRNPK,4.01936302042244e-06
OGT,4.01583928603656e-06
OCIAD1,4.0134221947807545e-06
RPL23A,4.00593353166e-06
HADH,4.00588674989848e-06
CLCN5,4.005214361774424e-06
LSM7,3.9907556773953815e-06
IKZF1,3.990691328627408e-06
POLR2J3,3.984638921324317e-06
ASCC3,3.97968126961449e-06
MRPL16,3.978778154759563e-06
COX7A2L,3.977570237372427e-06
CRELD2,3.974532259057263e-06
COMMD3,3.973389747377362e-06
PRR13,3.967949537569792e-06
RASD1,3.966085918371477e-06
AKAP13,3.965163416251399e-06
PTTG1,3.963055110596094e-06
CYC1,3.962399090574189e-06
AKAP17A,3.956452646191005e-06
ARPC5,3.9551280359086425e-06
MRFAP1,3.952223230308759e-06
JUN,3.9501931943081755e-06
SRRM1,3.944065101115939e-06
MRPS21,3.9341750850527775e-06
BTG2,3.933296223870471e-06
GTF2I,3.925974375867868e-06
MS4A6A,3.9060081343797634e-06
MGST2,3.9050623842879785e-06
MPC2,3.893233945476551e-06
REEP5,3.893038026581202e-06
HADHA,3.8907853823538215e-06
IFI27L2,3.877788191988758e-06
SMIM15,3.875798618084387e-06
LMAN1,3.8711605331787885e-06
SUB1,3.870467811341656e-06
NOP53,3.869978313743814e-06
PAIP1,3.86264817794197e-06
FBL,3.862248703542551e-06
RPS7,3.845585235861801e-06
PPA1,3.844462874329279e-06
AMZ2,3.826235030632832e-06
PITHD1,3.8019340663661754e-06
PTCRA,3.797766019988242e-06
C1GALT1,3.7944432838127743e-06
GOLGA4,3.7715237630647554e-06
NAA10,3.769038413980151e-06
NUCKS1,3.7645973802265446e-06
LAMTOR1,3.7420025862432083e-06
AP3D1,3.736499606284696e-06
MAD2L1,3.735607039948382e-06
KRT10,3.6754053222551535e-06
RTRAF,3.674399234688394e-06
IGF2R,3.670714049863736e-06
PHIP,3.6431395660669237e-06
MED30,3.6423587148224834e-06
LSM2,3.6230033109161367e-06
ATL3,3.6186394582386326e-06
ATP2A2,3.612018227831924e-06
PSMD6,3.585249088898815e-06
NDUFA10,3.5779152774756267e-06
MDFIC,3.577632342682479e-06
POLR2J,3.5445310277923207e-06
HMGN2,3.540000148413318e-06
HNRNPA3,3.5396182764603817e-06
GTPBP6,3.5393467731920354e-06
ARFGEF2,3.5388001221598187e-06
MRPL47,3.5260025669449842e-06
FMNL1,3.4979951916103248e-06
ATP6V1B2,3.4939705325100864e-06
APAF1,3.492896063751662e-06
FUOM,3.44023719530136e-06
GMFG,3.399833350378076e-06
ACADM,3.3826852184109357e-06
KMT2C,3.3781326820585847e-06
PHF3,3.374984524948121e-06
MRPS36,3.354370458374892e-06
SEL1L3,3.3048452785545565e-06
KHDRBS1,3.3042351496965147e-06
ASPM,3.302373581011351e-06
KAT6B,3.283015887929273e-06
ARID4A,3.211175344678077e-06
PGK1,3.2108880489479356e-06
ARHGAP31,3.2107102249707098e-06
CD48,3.1463626975186723e-06
ICAM3,3.139291716612119e-06
MTHFD2,3.0981207451795682e-06
SMARCC1,3.0961368051531985e-06
DCLRE1C,3.0960749767754444e-06
PPHLN1,3.095995840055125e-06
DAP3,2.9652443248485435e-06
CIITA,2.9487244883694844e-06
CHST11,2.948598084628416e-06
IQGAP2,2.896017027552387e-06
B3GNT2,2.872152494251564e-06
CLASP2,2.853345515682049e-06
RPL6,2.829903112173387e-06
HNRNPC,2.82313130718003e-06
POP5,2.813174117885473e-06
PLAC8,2.810954197617055e-06
CERS6,2.7771576079624013e-06
HDAC2,2.762842139127393e-06
BRD4,2.752037335689179e-06
ANO6,2.752024878986522e-06
STARD7,2.7392861906666237e-06
PCNX1,2.7018511370128385e-06
DDX3X,2.599096546514363e-06
ITM2B,2.5767892656925997e-06
SREK1IP1,2.5713611110216096e-06
CXorf21,2.562216606825092e-06
PBRM1,2.56047427619546e-06
RPL21,2.5402706167173676e-06
PFDN5,2.501485319526591e-06
RBIS,2.4784299014425538e-06
DHX9,2.4775427412344248e-06
PDIA3,2.476891637322185e-06
GRK2,2.476859981420355e-06
PPP1R15A,2.3823973450487165e-06
PRPF38B,2.37973359985329e-06
PSMA3,2.3066862962535133e-06
HNRNPU,2.296411080915629e-06
RPL30,2.2963364813213927e-06
MRPL20,2.27608308417494e-06
MRPS12,2.2331084687919683e-06
RPL8,2.2155543530268183e-06
HNRNPA1,2.2151867019825755e-06
DDX1,2.1977777262696362e-06
RBM4,2.1742333057378566e-06
N4BP2L2,2.1699922780477232e-06
RPS4Y1,2.1619280086098654e-06
FKBP11,2.1495349078266042e-06
CHD9,2.1364628259170114e-06
LY6E,2.106882880165388e-06
RABAC1,2.100102554308409e-06
HSPA9,2.091710440945799e-06
CAPNS1,2.078772636400666e-06
SNRNP25,2.063236827591699e-06
CREBBP,2.063169140565159e-06
CTSH,2.062918455544748e-06
CNN2,2.06270162690943e-06
FCRLA,2.061367542817864e-06
ATP5MC2,2.0605407886883334e-06
STIP1,2.0603610308933484e-06
SSRP1,2.0592142554545444e-06
AKR1B1,2.0583112839301195e-06
RBBP4,2.055766849910539e-06
PRELID1,2.054778777902175e-06
SPCS2,2.0544733579710286e-06
ATP8B2,2.053333556161869e-06
SMARCA5,2.0528959546944927e-06
PLIN3,2.0525527287156095e-06
CMTM3,2.0522215016128508e-06
MRPS33,2.0519155945585164e-06
HNRNPH3,2.051184629132963e-06
RPS19,2.0507844207793475e-06
PPIA,2.0505475505471308e-06
SPG7,2.0505239490743424e-06
HDAC1,2.050496914669137e-06
SASH3,2.0504916101247306e-06
CELF2,2.050373181685857e-06
RNF130,2.0501281121808983e-06
RPL7L1,2.0495642059344657e-06
TCEAL8,2.048820776507065e-06
RPS8,2.0471661454969063e-06
FOSB,2.0469917201821113e-06
SRSF2,2.046763853285034e-06
PPP4C,2.046183577756813e-06
BRD2,2.045396449154124e-06
NUDT22,2.0449349826071915e-06
LPXN,2.0446579491113445e-06
RBM26,2.0443352114557567e-06
AKR1A1,2.0441053165670977e-06
PTP4A2,2.0412886155767622e-06
BCL7C,2.040540016596345e-06
RACK1,2.0402009629530593e-06
ENSA,2.039727940422732e-06
DESI2,2.038412871381722e-06
HECTD1,2.0371920679150593e-06
LGALS9,2.035820861321914e-06
BOD1L1,2.035787794333431e-06
MDH2,2.0353773120085545e-06
GPX7,2.032405960882548e-06
PCNA,2.0312483458102443e-06
CKAP2,2.0303905155278685e-06
HIGD2A,2.030167152524004e-06
MYL12A,2.0290271885157553e-06
CLPTM1L,2.027140133369428e-06
DHX36,2.0260469346631205e-06
RAP1B,2.0251784405149328e-06
HLA-DPA1,2.0234781940467538e-06
CD36,2.021926515445189e-06
MRPS15,2.021704814265383e-06
GALNT2,2.0192884769271784e-06
MGST3,2.017195429661058e-06
PPM1G,2.016177660831527e-06
PFN1,2.009484754793531e-06
LARS1,2.0082049628076037e-06
NHP2,2.0075959429879152e-06
ERCC1,2.0067873969846182e-06
DGKD,2.0061815671928653e-06
SNX1,2.0028518074307977e-06
CDC73,2.0024243263752094e-06
LAPTM4A,2.0015429851495413e-06
PPIB,2.0000662700578667e-06
PAXX,1.997595378243215e-06
LRRC59,1.9974166710033053e-06
CSDE1,1.997405502862466e-06
PPIG,1.995400961566382e-06
BLVRB,1.9947378907993574e-06
GNB2,1.9947175619731216e-06
MRPL18,1.993660948828155e-06
DHTKD1,1.9933551156040524e-06
MRPL54,1.99328928878098e-06
MANF,1.9902888691708567e-06
SRSF7,1.984956772598765e-06
NDUFB3,1.9846756007791244e-06
IDH3G,1.9833251782133572e-06
LRRC75A,1.9819645149434592e-06
CGGBP1,1.98161461521727e-06
PDIA6,1.9755763287666994e-06
RALY,1.974718270562526e-06
PSMD1,1.9707033529267357e-06
ATF7IP,1.9706382741357438e-06
RPL10A,1.970468249838991e-06
MORF4L1,1.9704199766830256e-06
NDUFB9,1.9701791709441714e-06
CEP63,1.965750898585512e-06
FKBP8,1.96509907847079e-06
SMARCA4,1.9609534764826175e-06
RTN4,1.9567822635008516e-06
A1BG,1.9558532183293075e-06
AUTS2,1.9553949490423133e-06
PDIA4,1.9535158307619816e-06
RTF2,1.949754323321003e-06
HSBP1,1.949380540932687e-06
RNH1,1.9475237184091447e-06
SH3GLB1,1.9431707774387653e-06
CDC6,1.942635279545377e-06
FCHSD2,1.9398637051697503e-06
PSMC4,1.9379648582372375e-06
SFPQ,1.93748943924878e-06
DAAM1,1.9352440141142223e-06
DDX17,1.9349850353169717e-06
ANTXR2,1.9265159011052338e-06
GNAI2,1.926426134982426e-06
AIMP1,1.9263892050635885e-06
CCDC47,1.917456664292108e-06
PCBP2,1.9174566642921076e-06
NEMF,1.9172932330827074e-06
RAB11A,1.9171461688123533e-06
RNMT,1.916826075651634e-06
ROMO1,1.916826075651634e-06
CHMP1B,1.9072955613469523e-06
FLNB,1.9072309998846722e-06
CNBP,1.905987393117829e-06
MEAF6,1.9054610763528143e-06
RPS26,1.8925336007276113e-06
PSMC1,1.8922997566852959e-06
ATP5F1A,1.8921304574157482e-06
MLF2,1.8921304574157482e-06
B4GALT1,1.8920574060760978e-06
SPTAN1,1.8919974578114654e-06
STAT3,1.8919868791002807e-06
HLA-C,1.8906820065754523e-06
MAP3K2,1.8796610380983705e-06
PHF20L1,1.876548479293721e-06
GRB2,1.8765289916830215e-06
PSMB2,1.8765289916830213e-06
SEPTIN2,1.8763985850134424e-06
NAXE,1.87638909251535e-06
NDUFA2,1.8763731053672334e-06
HBS1L,1.8591374548725884e-06
NONO,1.835731675207277e-06
SCCPDH,1.834683252657681e-06
DNAJB14,1.8279643069376261e-06
FXYD5,1.8118271574523993e-06
LRRFIP1,1.8065415821501015e-06
PARP1,1.8064780735161736e-06
F13A1,1.8059898797471137e-06
GGNBP2,1.7905413866980731e-06
AQR,1.771853584674046e-06
OGA,1.771245704171274e-06
RBBP7,1.7696418084725711e-06
DDX54,1.7695527359586265e-06
IRF4,1.7693171376197939e-06
SRP68,1.7691965355516757e-06
SPNS3,1.7691857010145398e-06
BTAF1,1.7691758087269602e-06
PGLS,1.7691668586573304e-06
FRG1,1.76915885077705e-06
BNIP2,1.751862301563318e-06
CSNK1A1,1.7219232550000412e-06
CMC2,1.7207944423134298e-06
LTK,1.720683063231374e-06
NCOA4,1.720398493293109e-06
NNT,1.7202285294309531e-06
CNOT7,1.72011859765068e-06
PPP1CA,1.7201034831296724e-06
ESD,1.720076002862888e-06
PCMT1,1.7200233348057375e-06
PPP1R10,1.7199880719093465e-06
RPL28,1.6671100696346942e-06
NDUFS7,1.6526670362000594e-06
KDELR2,1.6523310640957696e-06
KPNB1,1.652077524249304e-06
SATB1,1.6518218623481779e-06
SS18L2,1.6517255146261175e-06
GDI2,1.6515825535613843e-06
CEBPZ,1.651484034802171e-06
GNB1,1.651362661778474e-06
GRSF1,1.6513626617784738e-06
HSPA5,1.6513292433537829e-06
BIRC6,1.6513138537446524e-06
MRPS18C,1.6512500998482303e-06
KPNA2,1.6511907471973608e-06
RPL18,1.6248010904705114e-06
CPNE1,1.5915504412354545e-06
HNRNPH1,1.5505641530583372e-06
DNAJB6,1.5494236565065801e-06
HNRNPF,1.5486473441790148e-06
EVI2B,1.5484097772995774e-06
HMGA1,1.5482452554697873e-06
DAB2,1.5482452554697873e-06
MAP3K8,1.548057273326366e-06
NDUFA4,1.5480374883877222e-06
FTH1,1.5480374883877222e-06
DNAJB11,1.5480078119279675e-06
CTNNBL1,1.5479913254975262e-06
CALM3,1.547989264718412e-06
HSPB11,1.5479880282535776e-06
BEX4,1.3769055008014189e-06
MZT2A,1.376575417048013e-06
RPL22L1,1.3763187946344872e-06
NDUFS8,1.3761663329214775e-06
MYL12B,1.376012439493261e-06
PARVG,1.375992289331134e-06
MEF2D,1.3362970019316844e-06
CCT4,1.0543393336123932e-06
MICOS13,1.0331539530000246e-06
RNASEH2B,1.0329491043377198e-06
NDUFV1,1.032150035629947e-06
MAPRE1,1.0320535709293194e-06
DMXL1,1.0319942169983505e-06
ELP5,1.0084149829937934e-06
CHRAC1,9.955322585754002e-07
NCF1,9.78595890819262e-07
AATF,9.091861874013721e-07
ANKRD10,7.984140247033647e-07
CDK6,7.948436975566749e-07
SQSTM1,6.870490383826682e-07
SERF2,6.821544678081243e-07
GSTO1,6.741866635848284e-07
MOB1A,6.720812323570004e-07
RPL26L1,6.664706402594105e-07
ASH1L,6.257256427464591e-07
RPS10,5.765297869826844e-07
CHD4,5.686933413443111e-07
ADAR,5.578399886640336e-07
SNRPD3,5.085489336994971e-07
EZR,4.921062748814529e-07
LGALS1,4.877642028741873e-07
CASP8AP2,4.65808850419537e-07
KTN1,4.1868395895720705e-07
FCER1G,4.178688722402182e-07
RHEB,4.097546544068023e-07
MRPL33,4.0052239406593584e-07
TCEA1,3.429984071537463e-07
MAP1LC3B,3.3867553680923544e-07
PYURF,3.368050408508426e-07
PCBP1,3.312677922449005e-07
FLOT1,3.295891578715222e-07
RPL7,3.277509944462223e-07
N4BP2,3.2739389921727483e-07
MYB,3.1353243242753004e-07
CALU,2.906345435428599e-07
BIRC2,2.7869764869596866e-07
ARL4C,2.779642837467943e-07
PNP,2.5523925521722393e-07
CEP350,2.534714460524737e-07
GABARAPL2,2.3388847540490212e-07
RPS13,2.269004126874787e-07
KANSL1,2.0640186592398632e-07
BCAT1,1.9403937290282948e-07
RPL24,1.8486795956587123e-07
DDI2,1.8211739833934432e-07
RB1CC1,1.809696164210897e-07
PDCD2,1.771170787160154e-07
CAMTA1,1.6730935611771278e-07
DDIT4,1.520642913186769e-07
EWSR1,1.4910342190830226e-07
GAPT,1.480241694228616e-07
NDUFB5,1.4169304627060435e-07
PTMA,1.4149070722617447e-07
CD44,1.2417551610528016e-07
APP,1.1677382877576476e-07
CORO1A,1.1593527080635656e-07
ADAM10,1.1545890693306339e-07
NEDD8,9.857541726357947e-08
CITED2,9.852477405986172e-08
CLTC,8.614148256397332e-08
ITGAE,8.464711871445802e-08
BMS1,7.668831633620167e-08
DDX50,7.254829901856971e-08
RPS15A,6.652502773771376e-08
GCC2,6.569608375489033e-08
IRF2BP2,6.105083141593199e-08
CHMP3,4.971079872388768e-08
GET3,4.464382505123462e-08
COPB2,4.369017666090302e-08
PHF14,3.943914333709132e-08
NUDT21,3.6535338273346735e-08
MTDH,3.568961383965396e-08
PPP6R1,3.4773474136815933e-08
HLA-DMA,3.1064031488360716e-08
LAP3,3.037920221919023e-08
FDPS,2.8878801197285524e-08
ANKLE2,2.681406428796584e-08
CNTRL,2.4523901615233345e-08
IL2RG,1.616785684986198e-08
RBM25,1.6054631442096712e-08
FNBP4,1.55503714564861e-08
MRPL21,1.4660817060234966e-08
PAPOLA,1.4646647314631161e-08
PFDN6,1.2794000697492227e-08
CD63,1.2341785821814574e-08
CBL,1.0310910470004229e-08
NDUFC1,8.502170865457148e-09
SELENOK,5.569533364778782e-09
NDUFB6,0.0
CSNK2A2,0.0
ACAA2,0.0
TBC1D4,0.0
CDC123,0.0
COLGALT1,0.0
APOBEC3C,0.0
CRTAP,0.0
IFNAR1,0.0
REPIN1,0.0
NCL,0.0
RASGRP2,0.0
CTNNA1,0.0
AHSA1,0.0
FXR1,0.0
RGS10,0.0
PTGER4,0.0
MCM5,0.0
FAM118A,0.0
MIDN,0.0
STOML2,0.0
NDUFA5,0.0
MPHOSPH8,0.0
NDUFAF3,0.0
MYL6,0.0
C9orf72,0.0
ITGB2,0.0
NUDCD2,0.0
CCSAP,0.0
PABPC4,0.0
PRKAR1A,0.0
LYZ,0.0
PRPF31,0.0
CBX4,0.0
MRPL23,0.0
GORASP2,0.0
IDI1,0.0
LRPAP1,0.0
TCL1A,0.0
ATP6V1E1,0.0
CDK5RAP2,0.0
TADA3,0.0
ADD3,0.0
SELENOW,0.0
CASP1,0.0
EMC6,0.0
HAT1,0.0
SELENOH,0.0
FAM136A,0.0
MYBL2,0.0
N4BP2L1,0.0
CYP46A1,0.0
OS9,0.0
FAM204A,0.0
CHP1,0.0
SMAD2,0.0
HBB,0.0
LST1,0.0
RNF5,0.0
NAA20,0.0
FEN1,0.0
PSMD4,0.0
NUBP2,0.0
CTSS,0.0
NSD3,0.0
MIF4GD,0.0
CEP152,0.0
PTPN7,0.0
ARPC5L,0.0
SNX10,0.0
DDX5,0.0
KCNK17,0.0
NME3,0.0
RPAIN,0.0
DAPP1,0.0
HINT1,0.0
CDCA7,0.0
SLC9A7,0.0
ATP2A3,0.0
SRRT,0.0
BIN1,0.0
MAF1,0.0
SMC4,0.0
CENPC,0.0
MNAT1,0.0
MRPS16,0.0
PRMT2,0.0
CPPED1,0.0
MAD2L2,0.0
FLNA,0.0
CD3EAP,0.0
CCNY,0.0
CERT1,0.0
ARHGEF3,0.0
PET100,0.0
RCN2,0.0
SF3A3,0.0
CANX,0.0
RPL17,0.0
CX3CR1,0.0
PSMB7,0.0
IRAK1,0.0
PSIP1,0.0
HMGB2,0.0
DACH1,0.0
NDUFS2,0.0
MBD2,0.0
CD38,0.0
SDHC,0.0
KCNAB2,0.0
MMADHC,0.0
CTDSP2,0.0
ARIH2,0.0
MND1,0.0
ATG101,0.0
DCPS,0.0
STAMBPL1,0.0
PPP1CB,0.0
RIF1,0.0
PCF11,0.0
NFKBIZ,0.0
CTBP1,0.0
CARD8,0.0
HNRNPA2B1,0.0
CCDC6,0.0
HSPH1,0.0
PAG1,0.0
CPSF6,0.0
ARRB2,0.0
SUMO2,0.0
CHURC1,0.0
HUWE1,0.0
CD46,0.0
SPG11,0.0
TCF3,0.0
DDX23,0.0
CYBA,0.0
NGLY1,0.0
HSD17B10,0.0
NDUFS4,0.0
MCUR1,0.0
CDKN1B,0.0
ABCE1,0.0
HDLBP,0.0
NUFIP2,0.0
MRPL14,0.0
ABHD17A,0.0
CHST12,0.0
SYAP1,0.0
PDS5A,0.0
ASPH,0.0
HNRNPL,0.0
SUPT20H,0.0
MAP4K4,0.0
EPRS1,0.0
HSP90AB1,0.0
CSNK1G2,0.0
CIAO1,0.0
ADRM1,0.0
GTF2H5,0.0
STX8,0.0
ISCU,0.0
CTDSPL2,0.0
RSF1,0.0
CYB5B,0.0
POLR3K,0.0
RPN1,0.0
CUL1,0.0
SEPTIN1,0.0
MPHOSPH10,0.0
G3BP2,0.0
ATG12,0.0
LENG8,0.0
CCNA2,0.0
PIK3R1,0.0
RPL11,0.0
MTCH2,0.0
AKIRIN2,0.0
ST3GAL4,0.0
ATP1A1,0.0
ARIH1,0.0
SLC7A5,0.0
CCDC88C,0.0
PPP1R7,0.0
CHD6,0.0
EZH2,0.0
CEP135,0.0
ARHGAP27,0.0
ARL8B,0.0
LBR,0.0
SYNGR2,0.0
CERK,0.0
PLEKHJ1,0.0
AK2,0.0
TBCC,0.0
MRPL3,0.0
SLC4A7,0.0
RFC1,0.0
ST14,0.0
RPL4,0.0
KIF11,0.0
DIAPH2,0.0
PRKRA,0.0
TARS1,0.0
PMAIP1,0.0
NENF,0.0
HYOU1,0.0
CDKN1A,0.0
CCT5,0.0
FAM174C,0.0
SP3,0.0
ATM,0.0
PTPRC,0.0
C16orf72,0.0
ARHGAP4,0.0
MCL1,0.0
METTL26,0.0
EMP3,0.0
TECR,0.0
NDUFB11,0.0
HCLS1,0.0
C12orf45,0.0
SMARCC2,0.0
SRSF6,0.0
SULF2,0.0
LYN,0.0
STRBP,0.0
SH3BGRL,0.0
SPTBN1,0.0
FAM107B,0.0
COBLL1,0.0
CCT2,0.0
SSNA1,0.0
PDCD4,0.0
SNRPA,0.0
SUGP2,0.0
SUPT16H,0.0
TAF10,0.0
SNRNP200,0.0
ARHGAP11A,0.0
C4orf3,0.0
ARHGDIA,0.0
MAT2A,0.0
STK4,0.0
SP100,0.0
ARPC4,0.0
ILF2,0.0
CD53,0.0
TACC1,0.0
LAMTOR4,0.0
SNRNP40,0.0
SNX6,0.0
DAZAP1,0.0
CRYBG3,0.0
ARID1A,0.0
RPA3,0.0
AP2M1,0.0
PAK2,0.0
PAICS,0.0
BIN2,0.0
CDC37,0.0
BAZ1B,0.0
PSMA2,0.0
PSMB4,0.0
HBA2,0.0
NIN,0.0
PIN1,0.0
SUGT1,0.0
C11orf58,0.0
BRCA1,0.0
SYNCRIP,0.0
PSME1,0.0
IGHM,0.0
STK17A,0.0
GOLGB1,0.0
GLRX5,0.0
BAG1,0.0
ARPP19,0.0
ILF3,0.0
CYTH4,0.0
SRPRB,0.0
SCAND1,0.0
TBC1D5,0.0
RSRC2,0.0
FCN1,0.0
NFKBIA,0.0
CYSLTR1,0.0
SMAP1,0.0
MORF4L2,0.0
SCARB2,0.0
HNRNPR,0.0
FIBP,0.0
PRDX3,0.0
CSNK2A1,0.0
H1-2,0.0
LMAN2,0.0
RWDD1,0.0
COTL1,0.0
POLR1D,0.0
CXCR4,0.0
ARHGAP5,0.0
CHD8,0.0
BLNK,0.0
NDUFB1,0.0
PABPN1,0.0
SLK,0.0
CDK13,0.0
SNRNP27,0.0
MAGOH,0.0
CRIP1,0.0
TCF25,0.0
CMTM6,0.0
ARAP2,0.0
ARHGAP9,0.0
FKBP3,0.0
ANKRD36C,0.0
SMAP2,0.0
SNW1,0.0
PNN,0.0
PSMG2,0.0
DCP2,0.0
TDG,0.0
STK17B,0.0
NDUFB2,0.0
ID2,0.0
TBL1XR1,0.0
C6orf62,0.0
BZW1,0.0
NDUFA12,0.0
DCAF7,0.0
PRPF40A,0.0
NOP56,0.0
NUDT1,0.0
TAOK3,0.0
RNASEH2C,0.0
DDX39A,0.0
ANXA5,0.0
CLSPN,0.0
PRDX6,0.0
ENY2,0.0
PSMB6,0.0
MTPN,0.0
SMCHD1,0.0
RSRP1,0.0
RRM2,0.0
RPN2,0.0
BIRC5,0.0
SNRNP70,0.0
ATP5PB,0.0
AURKAIP1,0.0
DDX46,0.0
ACTR3,0.0
SMC6,0.0
SDF2L1,0.0
CORO1C,0.0
CKAP5,0.0
AP2S1,0.0
CTCF,0.0
GPX4,0.0
HP1BP3,0.0
BAZ1A,0.0
NUDC,0.0
DDX18,0.0
STAT1,0.0
ATP5F1D,0.0
PRKDC,0.0
PSMB9,0.0
ALDH2,0.0
AFF3,0.0
LSM5,0.0
DCAF12,0.0
ARID1B,0.0
CAPG,0.0
NDUFB7,0.0
IFI16,0.0
ATAD2,0.0
MIS18BP1,0.0
CXXC5,0.0
NOL7,0.0
RAD21,0.0
PHB2,0.0
CCNB1,0.0
PLAUR,0.0
ANAPC11,0.0
SPEN,0.0
ATP6V1G1,0.0
CPVL,0.0
IQGAP1,0.0
RSL24D1,0.0
NDUFB8,0.0
NAA38,0.0
BDP1,0.0
KIF5B,0.0
COPS9,0.0
MAZ,0.0
GTF2A2,0.0
PAIP2,0.0
SVIP,0.0
SNX5,0.0
CLTA,0.0
PDCD5,0.0
SEM1,0.0
RBMX,0.0
PRDX5,0.0
CDKN3,0.0
ODC1,0.0
BRD7,0.0
TAPBP,0.0
SYF2,0.0
PKM,0.0
LSM4,0.0
MPEG1,0.0
APPL1,0.0
SUMO3,0.0
ATP2B4,0.0
CLEC12A,0.0
CEP57,0.0
TAX1BP1,0.0
LTB,0.0
PTEN,0.0
BAZ2B,0.0
TASOR,0.0
PSMB3,0.0
BRCA2,0.0
GTF3C6,0.0
DMXL2,0.0
C19orf53,0.0
DHX15,0.0
RBX1,0.0
RNPS1,0.0
CARD11,0.0
ITGA4,0.0
C1orf162,0.0
BRD8,0.0
STT3B,0.0
ANKRD44,0.0
SUZ12,0.0
NASP,0.0
MESD,0.0
QKI,0.0
HSPA8,0.0
PDAP1,0.0
ARHGAP19,0.0
SUPT6H,0.0
KRR1,0.0
CREB1,0.0
ATAD2B,0.0
BHLHE40,0.0
CD164,0.0
ATP6V1A,0.0
IL32,0.0
ASAH1,0.0
MRPS6,0.0
CDK5RAP3,0.0
RUFY3,0.0
AIP,0.0
METAP2,0.0
RAD51AP1,0.0
BSG,0.0
H1-3,0.0
STK10,0.0
GZMA,0.0
ARL6IP1,0.0
FERMT3,0.0
SRSF11,0.0
PCLAF,0.0
CTR9,0.0
CAPZA2,0.0
ETFB,0.0
CD302,0.0
OCIAD2,0.0
ADH5,0.0
METTL9,0.0
COX14,0.0
REST,0.0
TARBP1,0.0
BUB1,0.0
ERP29,0.0
GGA2,0.0
CNOT8,0.0
CYBC1,0.0
EMB,0.0
FUBP1,0.0
PUF60,0.0
S100A10,0.0
RSRC1,0.0
FIS1,0.0
AP2B1,0.0
FAAP20,0.0
H3C2,0.0
LARP7,0.0
SMU1,0.0
COX4I1,0.0
PTRHD1,0.0
DNAJC13,0.0
LDHA,0.0
S100A6,0.0
SBDS,0.0
MRPL12,0.0
PSMC6,0.0
EXOSC8,0.0
PGP,0.0
COPS5,0.0
CHCHD1,0.0
SRPK2,0.0
NIPBL,0.0
APC,0.0
TBC1D15,0.0
SRA1,0.0
ATP2B1,0.0
CNOT6L,0.0
CFP,0.0
GGCT,0.0
DNAJC4,0.0
HDGF,0.0
LAGE3,0.0
GLRX,0.0
PIP4K2A,0.0
MRPL4,0.0
CHCHD3,0.0
CIR1,0.0
SRSF5,0.0
ARHGAP25,0.0
NHLRC3,0.0
RTF1,0.0
CKLF,0.0
PIK3AP1,0.0
SNRPD2,0.0
MBP,0.0
NUTF2,0.0
STAMBP,0.0
APLP2,0.0
RCC2,0.0
FAM133B,0.0
DCTN3,0.0
GLO1,0.0
RER1,0.0
SFT2D1,0.0
H2AX,0.0
PRPF8,0.0
MYCBP2,0.0
SORL1,0.0
APBB1IP,0.0
HM13,0.0
SMARCE1,0.0
CHMP4B,0.0
CHMP2A,0.0
MAP1A,0.0
ATAD5,0.0
RNF181,0.0
RAB11FIP1,0.0
OSBPL8,0.0
EPC1,0.0
SUPT5H,0.0
PSMD14,0.0
SNX9,0.0
SMARCA2,0.0
SAP18,0.0
ORMDL1,0.0
SMC5,0.0
PSMB8,0.0
CTSZ,0.0
IK,0.0
CCNL1,0.0
SEC31A,0.0
H2AZ2,0.0
SRP72,0.0
SEPTIN9,0.0
ACADVL,0.0
GUK1,0.0
JUNB,0.0
SNX17,0.0
TAF7,0.0
DMTF1,0.0
MRPL11,0.0
NKG7,0.0
CENPE,0.0
RPS19BP1,0.0
ARFGEF1,0.0
ELOC,0.0
CTSG,0.0
ATP5MF,0.0
CBX5,0.0
SRSF4,0.0
MRPL52,0.0
CEP170,0.0
ATP11B,0.0
NME4,0.0
BNIP3L,0.0
PTBP1,0.0
TAB2,0.0
MDM4,0.0
RHOC,0.0
RBM3,0.0
SLIRP,0.0
MT2A,0.0
ALYREF,0.0
SUCLG1,0.0
TERF1,0.0
POLD2,0.0
LYPLA1,0.0
DDX39B,0.0
NUDT5,0.0
POLR2E,0.0
DNAJA1,0.0
CHMP4A,0.0
NDUFA9,0.0
LMO4,0.0
DDX27,0.0
SF3B6,0.0
H1-5,0.0
SMC1A,0.0
KIF20B,0.0
SLU7,0.0
AP3B1,0.0
LSM6,0.0
KMT2E,0.0
MKI67,0.0
SCP2,0.0
RNF7,0.0
TCP1,0.0
HNRNPAB,0.0
GSTK1,0.0
PA2G4,0.0
CDC42,0.0
RBM17,0.0
CMKLR1,0.0
FOXP1,0.0
PPP1R2,0.0
CEBPD,0.0
MSN,0.0
DNAJC15,0.0
CTPS1,0.0
POLR2G,0.0
ARMH1,0.0
RPS17,0.0
LILRB4,0.0
AIF1,0.0
PSMD2,0.0
NOP10,0.0
CDV3,0.0
RAB8A,0.0
ST13,0.0
SNX18,0.0
GPSM3,0.0
ANXA11,0.0
TCOF1,0.0
